nombre_usuario;genero;nombre;apellido;universidad;carrera;contraseña
lleyshon0;M;Lucho;Leyshon;Guangzhou University;Developer III;F5zW7A0NU
calejo1;F;Coral;Alejo;Massachusetts College of Pharmacy and Allied Health Sciences;Engineer I;P4P9J7cz2ua
swhipp2;M;Sheff;Whipp;Takasaki City University of Economics;Recruiting Manager;nxDPNWJN
mtwycross3;F;Marlene;Twycross;University of Southern Indiana;Research Assistant III;iqDNX2
chobson4;F;Chickie;Hobson;Universitas Kristen Indonesia;Speech Pathologist;VsFSyy
cobispo5;M;Cob;Obispo;American InterContinental University - Atlanta;Quality Control Specialist;OGhZJcw0
bdaglish6;M;Bertram;Daglish;Vancouver Community College;Sales Representative;CwYIkjN
ldabbs7;M;Lucas;Dabbs;Webb Institute;Librarian;aEq2sFkHm
bsquires8;M;Benedetto;Squires;Meio University;Desktop Support Technician;AoRCnZ5bUY
kstoffersen9;F;Kay;Stoffersen;University of Wisconsin - Eau Claire;Registered Nurse;CJUFPIJimeTr
tpurlea;F;Tommi;Purle;Universidade Federal do Piauí;Civil Engineer;iSLmEgwQs49
asmallmanb;M;Aymer;Smallman;Xi'an University of Technology;Paralegal;eFBCgff8
bbowc;M;Briant;Bow;Bangladesh University;Human Resources Manager;bCRJqiX6YW
tcornbelld;M;Trstram;Cornbell;Conestoga College;Programmer I;nJ4Y1E
lreynoldsone;F;Lynnelle;Reynoldson;Colorado State University;Quality Control Specialist;XxPt4EbmQYXv
cperrenf;M;Conney;Perren;University of South Carolina - Salkehatchie;Operator;98r6gyMS
bevinsg;F;Betteanne;Evins;Auburn University at Montgomery;Financial Advisor;h10tf26aT
rdowbigginh;F;Rae;Dowbiggin;Koriyama Women's University and College;Data Coordiator;67xgMjADJVO
enealandi;M;Ernie;Nealand;Universitas Trisakti;Engineer IV;hPHkYDa9O
mlabastidaj;M;Marwin;LaBastida;Florida Memorial College;Senior Quality Engineer;8fqrJppM1
kkorejsk;F;Katine;Korejs;Fachhochschule Oldenburg/Ostfriesland/Wilhelmshaven;Occupational Therapist;M9KBt0mW
cmasicl;F;Cristen;Masic;Universidad Juan Misael Saracho;Engineer I;KxlAqdFAtqz
tconigsbym;F;Tammi;Conigsby;Radford University;Legal Assistant;cd3c7E
bhoffnern;M;Bill;Hoffner;Jain Vishva Bharati Institute;Database Administrator IV;GcEz1EJSQ1
tbeveso;M;Tyrone;Beves;Saga University;Nurse;KvWOEjRSc
jbannonp;F;Jacynth;Bannon;University of Baltimore;Clinical Specialist;QXpzkQiTl
jfreckinghamq;M;Jeffry;Freckingham;Instituto Politécnico de Bragança;Tax Accountant;PdXEMSnUs1W
dknowltonr;F;Dixie;Knowlton;Bard Graduate Center for Studies in the Decorative Arts;Operator;VmL9TH6H
msimos;F;Myrna;Simo;Stefan University;Office Assistant IV;wHCNTGYUmKJT
fmcguckint;F;Frances;McGuckin;Azerbaijan University ol Languages;Software Test Engineer I;9PsEyhy
rglovesu;F;Roby;Gloves;Bard College;Assistant Media Planner;qu8IFW8fz
fnuttenv;F;Felicdad;Nutten;Universidad Chileno Britanica de Cultura;Office Assistant I;cAoML7mD
hvuittew;M;Horatio;Vuitte;Bratsk State Technical University;Occupational Therapist;N6l1uq3Cc
bfoundsx;F;Bea;Founds;Volgograd State University;Tax Accountant;DY6ltM
rbeirney;F;Robinetta;Beirne;Universidad Veracruzana;Quality Control Specialist;JUrMW9M
hacklandsz;M;Hashim;Acklands;Moscow State Institute of Radiotechnics, Electronics and Automation (Technical University);Account Executive;tV4qj3vM4
jmcsperron10;F;Jo-ann;McSperron;University of Miami;Automation Specialist I;XhWfr0MtXT
bmogridge11;M;Branden;Mogridge;Pomeranian Academy of Medicine in Szczecin;Marketing Manager;EGFDzgmRV
abyfield12;M;Archibaldo;Byfield;Universidade Federal do Piauí;GIS Technical Architect;TQ0vbyf8HR1v
aphlippsen13;F;Arleyne;Phlippsen;Univesidade Agostinho Neto;Operator;AUc9h2h
priggulsford14;F;Patsy;Riggulsford;Universidade Estadual do Vale do Acaraú;Business Systems Development Analyst;ytVKm3Zo6et
plorek15;M;Patten;Lorek;Bluffton College;Design Engineer;HHsNBvu
mwillatts16;M;Mahmud;Willatts;Rajasthan Agricultural University, Bikaner;Associate Professor;V145gmYPc4
olaudham17;M;Olivero;Laudham;SRM Institute Of Science & Technology ( Deemed University);Graphic Designer;8m1DSLtP
aprichard18;M;Archy;Prichard;University of Waikato;Assistant Professor;XbxeRLfoE
rgarriock19;F;Romonda;Garriock;Ningbo University of Technology;Operator;VWo1LFBI7U
baven1a;F;Breanne;Aven;Schiller International University, Heidelberg;Editor;q79QaGOZawo
csmoth1b;F;Collete;Smoth;Universidad Católica de Colombia;Research Assistant IV;I23MMK3GZ
bwooddisse1c;M;Brion;Wooddisse;South China Normal University;Health Coach I;47gkbnO
sbywater1d;F;Sella;Bywater;Columbus College of Art and Design;Electrical Engineer;syL3IiRRT7
rinett1e;M;Rollins;Inett;Université de Fianarantsoa;VP Sales;jiOzSNqrQ
vplom1f;F;Vikky;Plom;Shenyang Institute of Chemical Technology;Database Administrator III;LhAB9dKCH0c1
rfassman1g;M;Rorke;Fassman;National University of Singapore;Associate Professor;tgbftD
caronin1h;M;Cobb;Aronin;Johnson Bible College;Electrical Engineer;IehUvY1u
ktrudgeon1i;M;Kipp;Trudgeon;Pwani University;Web Developer IV;eyZgrjlmY
sbindon1j;M;Sigismondo;Bindon;Philippine Normal University;Payment Adjustment Coordinator;6QdMKaL4e
kstott1k;M;Kenneth;Stott;Universidad Hispanoamericana;Nurse;QOIudVspHZ
olantry1l;M;Obediah;Lantry;Indiana University-Purdue University at Indianapolis;Marketing Manager;q9Jw8P
aswancock1m;M;Alan;Swancock;Fachhochschule Braunschweig/Wolfenbüttel;Registered Nurse;3KqBNNm
sriddiford1n;M;Serge;Riddiford;Holy Apostles College;Senior Quality Engineer;SdsuFm9R59L
lfassum1o;M;Leonid;Fassum;San Francisco Art Institute;Sales Representative;jDnZZItEk
afearnill1p;M;Alex;Fearnill;Military Technical College;Electrical Engineer;4ZAGBOl2HRCs
esalvadore1q;M;Evelyn;Salvadore;Université de Montpellier II;Cost Accountant;48kYqIG
mmcgann1r;M;Marve;McGann;Russel Sage College;Civil Engineer;a749hpiL
shusher1s;M;Solly;Husher;Mount Aloysius College;Human Resources Manager;2viGdRVm
wkneafsey1t;M;Wilfred;Kneafsey;Hachinohe Institute of Technology;Help Desk Operator;0DP0Cg
ssnape1u;F;Susanne;Snape;University of Teesside;Human Resources Manager;KbZm034c26FV
gstoodale1v;M;Gabby;Stoodale;Thomas Aquinas College;VP Sales;CYv6cFxvEZ
wgerrard1w;F;Wanids;Gerrard;University of the Punjab;Geological Engineer;o564F3Hqoj
ewainscot1x;M;Ed;Wainscot;Black Hills State University;GIS Technical Architect;tZ7xKpmbGNzp
cgrzeskowski1y;F;Carie;Grzeskowski;University of Western Macedonia;Mechanical Systems Engineer;FNc36Z
cgerred1z;M;Connie;Gerred;Ecole Normale Supérieure de Fontenay-Saint Cloud;Staff Accountant III;5RrNkO8CR
vderoos20;F;Vevay;De Roos;Tokyo University of Pharmacy and Life Science;Operator;8ePPm0jD
bpinniger21;M;Bran;Pinniger;Southwest Baptist University;Civil Engineer;abIKP6D
dodonnell22;M;Dewain;O'Donnell;Ajman University of Science & Technology;Compensation Analyst;N7IeriLN5u
wofihillie23;M;Wash;O'Fihillie;Fachhochschule für Verwaltung und Rechtspflege Berlin;Project Manager;gNIbEFKO
kpetrosian24;F;Kathye;Petrosian;International Academy of  Merchandising and Design Tampa;Assistant Professor;17WgWvbJ
ebatchelder25;F;Eartha;Batchelder;Islamic Azad University, Bostanabad;Senior Developer;QMfVIA
pmourant26;F;Pierrette;Mourant;Siam University;Geological Engineer;N3iN9nCP
rfillis27;F;Robin;Fillis;University Campus Suffolk;Paralegal;Pc9IWTpCq5d
hgalloway28;M;Horton;Galloway;Aichi Medical University;Programmer II;eHddK8tPF
ydimont29;M;Yehudi;Dimont;Ritsumeikan University;Administrative Assistant I;FresAq6P
dstych2a;F;Daloris;Stych;The College of Insurance;Marketing Manager;W6ln03pJZ
asandland2b;M;Albie;Sandland;Saitama Institute of Technology;Civil Engineer;5Hnocf
aheibl2c;F;Albertina;Heibl;University of Alanta;VP Sales;hZseoY0l6
dcumberbatch2d;F;Druci;Cumberbatch;Internationale Fachhochschule Aalen;Paralegal;vIynwmx
ascarfe2e;M;Alisander;Scarfe;Universidad Nacional del Nordeste;Quality Control Specialist;fMZpTwFNd
ccopes2f;F;Cecile;Copes;Central South University;Recruiting Manager;K0Jywj0F55S
sadamou2g;F;Stefanie;Adamou;Southwestern Assemblies of God University;Geologist IV;MuqCGLaiuhS
vphil2h;M;Vincenz;Phil;Islamic Azad University, Shabestar;Dental Hygienist;3SC0VWEDRgk
nerrett2i;F;Nollie;Errett;Muroran Institute of Technology;Quality Control Specialist;PaTyPSCRw
glarive2j;F;Germana;Larive;University of Bacau;Tax Accountant;C6WLv6kdQ
azoppie2k;F;Andi;Zoppie;Sripatum University;Teacher;ea7DBBCq1Sr
nlay2l;M;Nicko;Lay;Universidad Odontológica Dominicana;Assistant Professor;P7Nod7wPE4
kbulfoot2m;F;Kayle;Bulfoot;Southern University Bangladesh;Analyst Programmer;d219UI
jramiro2n;F;Jocelyne;Ramiro;College of Science, Baghdad University;Recruiter;ZCkStd7
rdomino2o;M;Roberto;Domino;St. Matthews University;Senior Sales Associate;EKzDBc9
jkilian2p;M;Jasun;Kilian;Instituto Politécnico da Guarda;Computer Systems Analyst I;8ijrjtCWVHYz
hsofe2q;M;Heinrik;Sofe;Ballsbridge University ;Geologist III;HXM1JB
mwahner2r;F;Marcie;Wahner;Tianjin Normal University;Assistant Professor;LN77etqFDV
kstiebler2s;F;Ketty;Stiebler;Philander Smith College;Editor;olNdUkF
mhume2t;F;Melanie;Hume;University College of Nabi Akram;Database Administrator I;y1IYrtxdG
emortimer2u;M;Enoch;Mortimer;Gunma University;Physical Therapy Assistant;T9Fm08Pir
hdingwall2v;M;Heindrick;Dingwall;Ecole Nationale de la Statistique et de l'Analyse de l'information;Automation Specialist III;QTc2rYWWO
kesselen2w;F;Kym;Esselen;Universidade Autónoma de Lisboa Luís de Camoes;Senior Cost Accountant;JmQD80yb
dberic2x;F;Drusy;Beric;Universidad Nueva San Salvador;Legal Assistant;lN9xs1rmO5f
rmccahey2y;M;Rogerio;Mc Cahey;Universität Hamburg;Executive Secretary;h19Bi0l
jugo2z;F;Julie;Ugo;Sunway University College;Health Coach I;UWd4TXcad
rbarhims30;M;Roddy;Barhims;Samara State University;Design Engineer;QMPwZR
tbartlett31;F;Tish;Bartlett;Concordia University, Irvine;Junior Executive;9unBH4YBS
amaytum32;F;Atlante;Maytum;Drake University;Systems Administrator II;CwjxFFN
itrinbey33;F;Idelle;Trinbey;Mount Senario College;Office Assistant IV;yOs75u2
iroome34;M;Itch;Roome;City University of New York, Hunter College;Office Assistant II;9lHdLa0ZzKXB
gphysick35;M;Giraldo;Physick;Alahgaff University;Structural Engineer;NMXQgA
adumphry36;F;Amil;Dumphry;Indiana University (System);Programmer Analyst II;yiu4jCc
cchick37;M;Clerc;Chick;Naresuan University;Software Consultant;zI9Rge1
dpaish38;F;Dacy;Paish;Universidad de Aconcagua;Help Desk Operator;rzZk76WD
phusk39;M;Phillipe;Husk;Alkharj University;Product Engineer;lFQBPXhEoMi
jphillis3a;F;Jaymee;Phillis;University of Québec;Human Resources Assistant II;fc1Wmsiz
rneasham3b;M;Renaud;Neasham;Universidad Tecnológica de Honduras;Assistant Media Planner;R5G3VVWVDCt7
alavielle3c;F;Agnola;Lavielle;University of Finance and Management in Bialystok;Senior Sales Associate;fGR6Shn
lruscoe3d;M;Lawrence;Ruscoe;Universidad ISALUD;Project Manager;k00HFLLVjFb
edulieu3e;F;Ester;Dulieu;Kansai University of Social Welfare;Assistant Professor;ZaxKEYuXE99
asink3f;M;Ambros;Sink;Tbilisi Teaching University;Clinical Specialist;J9UAS5
jstyche3g;F;Jemmy;Styche;East Tennessee State University;VP Product Management;Mmyx0ZUVTDAu
sgerardot3h;M;Syman;Gerardot;Campion College;Analog Circuit Design manager;BDi5VBg
mlosselyong3i;M;Mattheus;Losselyong;KDI School of Public Policy and Management;Data Coordiator;IG1Mgh3
kthundercliffe3j;M;Karl;Thundercliffe;Nanjing Normal University;Electrical Engineer;4dzufWo
lparzizek3k;F;Luz;Parzizek;University of West Alabama;Graphic Designer;XenbFulkYPL
jhawksby3l;F;Josee;Hawksby;Goddard College;Nuclear Power Engineer;P4dByaqr
slorand3m;F;Sharline;Lorand;Academy of Public Administration;Community Outreach Specialist;1gfLtWwIyA
astaden3n;F;Antoinette;Staden;Universidad de Atacama;VP Product Management;Bj0qcMiMAtB
hweems3o;M;Hazlett;Weems;Beijing University of Chinese Medicine and Pharmacology;Structural Analysis Engineer;E8bzN2f
mwhewill3p;F;Mead;Whewill;Université Ibn Zohr Agadir;Community Outreach Specialist;TIjAvAuEhn
mfivey3q;F;Marylinda;Fivey;Hacettepe University;Quality Engineer;wNhbm2f4SkV
fdelayglesia3r;M;Forbes;De la Yglesia;Ferrum College;Statistician III;Mfsihxz7hsr
rphelit3s;M;Rodrigo;Phelit;Sibelius Academy;Geological Engineer;IWghmdJQoFQ
bpuddefoot3t;F;Bobbe;Puddefoot;Russian Academy of Theatre Arts;Developer III;b2hHsXY2K
sfullman3u;M;Sergeant;Fullman;Centro Universitário Adventista de São Paulo;Geologist II;k0C4DJOj3
mmoncrieffe3v;F;Mariska;Moncrieffe;Ivanovo State University of Chemistry and Technology;General Manager;WTA4pG
hbellow3w;M;Howie;Bellow;Alverno College;Sales Associate;BZmJs9Wi
mextence3x;F;Miof mela;Extence;Tilak Maharashtra Vidyapeeth;VP Accounting;blZxzAEpSp
sstodhart3y;F;Sheela;Stodhart;Kerala University of Fisheries and Ocean Sciences;Programmer Analyst III;W8VLumigkN
acosin3z;F;Andriana;Cosin;Universidad Chileno Britanica de Cultura;Biostatistician IV;Hn4wWteNtVB5
sysson40;M;Sigvard;Ysson;Katholieke Hogeschool Limburg;Design Engineer;d0xuGZnil7k1
hcastanyer41;F;Hannis;Castanyer;University of Agricultural Sciences, Bangalore;Technical Writer;VxfekoxY5ZZN
bmeharry42;M;Brander;Meharry;University of Mysore;Quality Engineer;RZMP5SLvih
lmayward43;M;Leon;Mayward;University of Mississippi;Director of Sales;EtnlhLtTuH7J
ddaye44;M;Danny;Daye;University of Western Sydney;Systems Administrator IV;zBEaCPqCv
jferri45;F;Junia;Ferri;Perm State University;VP Marketing;formlULT
rbunch46;F;Ronni;Bunch;Oduduwa University;Registered Nurse;UceYvV4E
mhillitt47;F;Maisey;Hillitt;Chubu Gakuin University & Chubu Women's College;Research Nurse;AQVkq3eZF2
aconklin48;F;Annalee;Conklin;Universidade Cruzeiro do Sul;Assistant Manager;nctxmZ
hdaal49;M;Hanson;Daal;University of Italian Studies for Foreigners of Siena;General Manager;HoRRGdPjL
ncarbine4a;F;Nessie;Carbine;St. Bonaventure University;Environmental Tech;pNIF0W
roleshunin4b;M;Regan;Oleshunin;Suleyman Demirel University;Computer Systems Analyst IV;AVnVceCH
dredley4c;F;Darya;Redley;University Politehnica of Bucharest;VP Marketing;vOThcNqb2AMR
acregg4d;M;Arel;Cregg;University of Trinidad and Tobago;Chemical Engineer;rs427COPtRCH
sderrington4e;F;Sondra;Derrington;Universitas Muhammadiyah Magelang;Information Systems Manager;o1hXQa0SV
kvise4f;F;Kristal;Vise;University of Tulsa;Actuary;3O6pMisht
gviall4g;M;Giacopo;Viall;York College of Pennsylvania;Human Resources Assistant I;O2UH30
qundrill4h;M;Quincey;Undrill;Kingston University;Administrative Officer;qQgEt1UHmTa
qdabbs4i;F;Querida;Dabbs;Our Lady of Holy Cross College;Senior Editor;B42XoT2Xja7t
mtoffolini4j;M;Murry;Toffolini;Université Panthéon-Sorbonne (Paris I);Design Engineer;ePgUBYa
ifavill4k;M;Ingra;Favill;University of Halifax, Birmingham Campus;Analog Circuit Design manager;YTdmdUiwPZ
cchampniss4l;F;Charlotta;Champniss;Universidade Potiguar;Editor;EpvybAjL
esever4m;F;Edy;Sever;Marlboro College;Pharmacist;8xJYhTbWf
gsillars4n;F;Gilberte;Sillars;National United University;Paralegal;5mP3qx4QYAPI
ddenzilow4o;M;Danny;Denzilow;University of Prince Edward Island;Information Systems Manager;MjcSwHlavAp
gpumphrey4p;M;Garrik;Pumphrey;Universidad Cardenal Herrera-CEU;Nurse Practicioner;IzoOXhyTMj
wgrouer4q;M;Waylin;Grouer;Universidad Nacional de Salta;Accounting Assistant III;btoZ9H
lspatig4r;F;Lisbeth;Spatig;Ashesi University;Sales Associate;Fad2KmmL
ssnibson4s;F;Sapphira;Snibson;Kwangwoon University;Project Manager;Vb73RB
mnano4t;M;Montague;Nano;Birsk State Pedagogical Institute;Structural Analysis Engineer;31yqmT
atremoulet4u;M;Ase;Tremoulet;Hogeschool Inholland;Staff Accountant II;VnzJlIC7QXz
rraiker4v;M;Ryan;Raiker;International University Institute of Luxembourg;Business Systems Development Analyst;svCTCMPf
mlamden4w;M;Minor;Lamden;Graceland College;Director of Sales;zdHKis
claurentin4x;F;Cristi;Laurentin;Universidad Autónoma del Estado de Morelos;VP Sales;QBFUVsQu6gey
iempson4y;F;Iris;Empson;Eastern Mennonite University;Help Desk Technician;V1Xy7bw
bmichelle4z;F;Brandy;Michelle;Universitas Proklamasi 45;Nurse;Y6KItHx5vjrQ
jmoyce50;M;Jason;Moyce;Minsk Institute of Management;Research Associate;d5MALZ
pswiffan51;M;Peter;Swiffan;Feati University;Business Systems Development Analyst;7f7LwA50Pj3x
depton52;M;Donavon;Epton;"Physical Education Academy ""Eugeniusz Piasecki"" in Poznan";Budget/Accounting Analyst IV;SkPOLxz
ebocken53;M;Erie;Bocken;Ecole Polytechnique Universitaire de Lille;Cost Accountant;kM3110P
llaugheran54;F;Lebbie;Laugheran;Universidad Olmeca;Senior Editor;hk4TbBNZ3s
fwickens55;F;Fulvia;Wickens;Sohag University;Actuary;kQHw1M1O
kascrofte56;F;Katti;Ascrofte;Universidad Autonoma de Chiriqui;Structural Engineer;4UMsIKbn
kbeardsell57;F;Kacy;Beardsell;Moi University;Staff Scientist;Rmh5KTzI
pchapier58;M;Pierce;Chapier;Texas Southern University;Assistant Professor;d5XlzyPrd
sharnott59;F;Sonni;Harnott;Jawaharlal Nehru Technological University;Speech Pathologist;eUcXDPGo
mdrezzer5a;M;Maison;Drezzer;University of Alberta;Marketing Manager;oui6P5x5
dmaycey5b;F;Dodi;Maycey;University of Macau;Geologist IV;tgtT8xENAL
jlund5c;F;Jacinda;Lund;Colorado Technical University;Mechanical Systems Engineer;mz7QK6HswVgX
bchopping5d;F;Bella;Chopping;Konkan Agricultural University;Project Manager;UG5HZ5cx9N
jalvar5e;M;Jone;Alvar;Faculté Polytechnique de Mons;Structural Analysis Engineer;eW86sOXzZY
knormand5f;M;Kliment;Normand;Universitas Bhayangkara Jakarta Raya;Nuclear Power Engineer;WfQF8GDXa
bbeldam5g;F;Bebe;Beldam;South Gujarat University;Senior Cost Accountant;wpSwv1
sgolson5h;M;Saundra;Golson;Continental Theological Seminary;Assistant Professor;Yoi5tFOKVX
cchesshire5i;F;Cariotta;Chesshire;University of Western Ontario;Quality Engineer;7JiVtM1FMp
tkarlsson5j;M;Tremayne;Karlsson;Clarion University;Teacher;lcn6ml37n7Ds
nchate5k;M;Nappie;Chate;Technical University of Warsaw;Software Test Engineer I;0nHLar7mlHiO
edoumerc5l;M;Eduard;Doumerc;Universidad Casa Grande;Desktop Support Technician;J28FKI72c
tgrioli5m;F;Trenna;Grioli;Pennsylvania State University - Schuylkill;Sales Associate;O0s4B3W
cmccrackem5n;F;Caresa;McCrackem;Inje University;Clinical Specialist;c20BuJmzbXS
pjardein5o;M;Pincus;Jardein;Aimst University;Automation Specialist IV;4Lgsfa
atiller5p;M;Allyn;Tiller;Chuo Gakuin University;Research Nurse;jDK0d6z
kkeetley5q;M;Kenneth;Keetley;Al-baha University;Senior Cost Accountant;HlWGSE
dellson5r;F;Deirdre;Ellson;Universitas Kristen Indonesia Tomohon;Quality Control Specialist;Wx7M3eLOH
tryves5s;F;Tabbi;Ryves;Sejong University;Recruiting Manager;v2YD3AGG
skurt5t;F;Silvie;Kurt;University Politehnica of Bucharest;Help Desk Operator;98A14wH
mmileham5u;F;Manya;Mileham;American College of Greece;Software Engineer III;hYkHbanO
swillford5v;M;Siegfried;Willford;University of East London;VP Quality Control;e68zTJCVHW
rbeeble5w;F;Rebecka;Beeble;Solapur University;Sales Associate;HVWPlW
rgrizard5x;F;Randene;Grizard;Norwegian School of Management BI;Financial Analyst;7DpfQbzqQx
rkrzyzanowski5y;F;Rana;Krzyzanowski;St.Kliment Ohridski University;Director of Sales;acDTLmMW
cseacroft5z;M;Carlin;Seacroft;Universidad de Especialidades Turísticas ;Marketing Assistant;3aDpUq
ebarnson60;M;Errol;Barnson;University of Art and Design Cluj-Napoca;Chief Design Engineer;kezcvzL5VKuc
bmorant61;F;Brunhilde;Morant;Ibaraki Prefectural University of Health Sciences;Sales Associate;9gYD6oB
eneicho62;M;Elliot;Neicho;Ecole Nationale Supérieure d'Agronomie de Montpellier;Chief Design Engineer;9oeik42IRrjv
njuza63;M;Nevins;Juza;Midwestern State University;Librarian;95T69g
gstockell64;M;Gill;Stockell;Fairmont State College;Assistant Media Planner;tbykgco9FU6o
gweymont65;M;Godfry;Weymont;Gulu University;General Manager;HqEvo2x68D
bhaker66;F;Benita;Haker;Politeknik Pos Indonesia;Safety Technician I;BW3Kk5v5
ieden67;F;Iormina;Eden;University of Delhi;Internal Auditor;4MBRKiUip
rbirdsall68;F;Roanna;Birdsall;Inoorero University;Engineer II;NFJcsrIScxG
npalfreeman69;M;Nowell;Palfreeman;State University of New York College at Geneseo;Internal Auditor;3TaZuk0vpL
slathee6a;F;Sharai;Lathee;EUCLID University;Legal Assistant;g7zHpKa
ggwillym6b;M;Gran;Gwillym;University of Wisconsin - La Crosse;Nurse Practicioner;63Y9au
pinnman6c;F;Petronia;Innman;European University Cyprus;Environmental Specialist;3rnRWm4Dv5
lmacfadzan6d;F;Lulita;MacFadzan;Sierra Nevada College;Occupational Therapist;t6Oa8rEbm
gmansel6e;M;Gaultiero;Mansel;Whittier College;Senior Sales Associate;ldZ4jdKr
ipritchett6f;M;Iosep;Pritchett;Universitat Internacional de Catalunya;Office Assistant II;V6tz8vK
cwithrington6g;F;Ceil;Withrington;National Defence Medical College;VP Marketing;VAl3jE
mminto6h;F;Melita;Minto;Universitat Internacional de Catalunya;Senior Quality Engineer;idWazeqGIOH
asimakov6i;M;Aaron;Simakov;Tarim University;Data Coordiator;EiJte4X2XHK
sluscombe6j;M;Sauveur;Luscombe;Institute of Teachers Education, Kent;Physical Therapy Assistant;5VSHJHJQtRFz
lpaulat6k;M;Lars;Paulat;University of North Carolina at Asheville;Senior Financial Analyst;JLWUWOE
rissit6l;F;Raf;Issit;Universitas Bung Hatta;Marketing Manager;1N6pnWgW9
pbennie6m;M;Pasquale;Bennie;Hatyai University;Accounting Assistant II;KrcgFHNrCA
jstrettle6n;M;Jasen;Strettle;Shiraz Payamnoor University;Product Engineer;13cTU0rUI
ghubbins6o;F;Gianina;Hubbins;Ecole Nationale Supérieure de Techniques Avancées;Research Nurse;VM78cWgE
kpadson6p;M;Kristoffer;Padson;University of Basrah;Account Coordinator;VYI4OyN
kissit6q;M;Kinny;Issit;Izhevsk State Technical University;Staff Scientist;gm5189OkQCG
babrahim6r;M;Bogart;Abrahim;National Kaohsiung Normal University;Actuary;jFGAWJ
tberni6s;F;Tessi;Berni;University of South Alabama;VP Marketing;UuI9Cpp
bmundie6t;F;Bernardine;Mundie;Scripps College;Senior Sales Associate;fo87HWjRIc
mjellyman6u;F;Madge;Jellyman;Kent State University - Salem;VP Accounting;5RPRU1lPk5
pbaldinotti6v;M;Parker;Baldinotti;Ecole Superieure Robert de Sorbon;Software Test Engineer IV;uBLwt5ylQjr
smaciver6w;F;Sherline;MacIver;National University of Uzbekistan;Assistant Manager;tJf1RMA7nh
rlaughlan6x;F;Randene;Laughlan;Teachers College, Columbia University;Assistant Manager;0KxQDoa7B
fsibbert6y;F;Fred;Sibbert;Universidad Nacional de Río Cuarto;Recruiting Manager;aN0oFOiRRoc3
mwrinch6z;F;Maure;Wrinch;Forest Research Institute Dehradun;Recruiting Manager;kspWChqr5
gburgise70;F;Grete;Burgise;University of Camerino;Sales Associate;MYDUeMsmI7mM
smant71;F;Siouxie;Mant;Universitas Kristen Krida Wacana;Database Administrator III;mX297A8O
mklasen72;M;Maxwell;Klasen;Universidad Ricardo Palma;Data Coordiator;iM6cMqX4
fgeddes73;M;Fonzie;Geddes;Fukui Medical School;Help Desk Operator;wJ7x6oS
idulson74;M;Ilaire;Dulson;Ouachita Baptist University;Web Designer I;TrTj6bh4mi6
avawton75;F;Amity;Vawton;Purdue University Calumet;Geologist I;9OsCNa057v
mlovett76;F;Marcela;Lovett;Tay Nguyen University;VP Quality Control;KjR5lU
jpinnere77;F;Jennilee;Pinnere;University of Texas Southwestern Medical Center at Dallas;Senior Developer;lSRx5dQMZK
emundall78;M;Emerson;Mundall;Beijing University of Agriculture;Paralegal;p58LMY7JZe
jskeel79;F;Jeannette;Skeel;University of Texas Health Science Center at San Antonio;Chemical Engineer;ZUMZLX90i
kfairbourne7a;F;Kylen;Fairbourne;University of the Sunshine Coast;Assistant Professor;VdJcVK
qscrease7b;M;Quent;Screase;Holy Angel University;Statistician III;LPSSRXI5
gmoakson7c;M;Gauthier;Moakson;University of the East, Manila;Engineer IV;WN3wPvW8Bm8R
atrenholm7d;F;Aundrea;Trenholm;Polytechnic University of the Philippines;Pharmacist;ilxFltk5n
mchaudron7e;M;Michail;Chaudron;Université d'Orléans;Geologist IV;0tlrh1QY
gmatuszinski7f;M;Gerhardt;Matuszinski;Rasmussen College, North Dakota Campuses;Developer III;yWh2tRwbl
afigurski7g;M;Andrej;Figurski;Suwon Catholic University;Pharmacist;eNeYR5P5
jkill7h;F;Judi;Kill;Université Paris Nord (Paris XIII);Office Assistant III;68ZA6w2H0oG
bemanuelov7i;M;Ber;Emanuelov;Uniformed Services Universty of the Health Sciences;Marketing Manager;VVewoEsLBX
fmerritt7j;M;Faber;Merritt;Sweet Briar College;Assistant Media Planner;1s17z60
wgoldston7k;M;Win;Goldston;Politeknik Negeri Malang;Computer Systems Analyst II;EofKHlOa
lcolvie7l;M;Loren;Colvie;Royal University of Law and Economics;Internal Auditor;rPKH9nL9R
dbracknall7m;M;Donn;Bracknall;University of South Carolina - Beaufort;Senior Financial Analyst;0QQerz
gaddicote7n;F;Georgeanna;Addicote;Kuwait University;Database Administrator IV;G9arKgmLAgk
spastor7o;F;Serena;Pastor;Universidad Autonoma del Sur;Automation Specialist III;1H6eOY8
bhobell7p;M;Bourke;Hobell;Universidad Católica Nuestra Senora de la Asunción;Software Engineer II;rW8DYLbwM9IG
tbeverley7q;M;Thaxter;Beverley;Universitas Surabaya;Environmental Tech;FE7qigLp
rmanketell7r;M;Rawley;Manketell;Bluefield State College;Associate Professor;ztAtqPOd
kwrightham7s;M;Kirk;Wrightham;Institute for Command Engineers of The Ministry for Emergency Situations;Structural Analysis Engineer;Fm6ah9
jcristol7t;F;Joann;Cristol;California School of Professional Psychology - Los Angels;Senior Financial Analyst;dkb7wyw4o2G
rgiraldo7u;M;Robert;Giraldo;Uzhgorod National University;Civil Engineer;6sF3ljz
isharrock7v;M;Ignazio;Sharrock;Theatre Academy Finland;VP Product Management;AbXic8Qar
cwinny7w;F;Codi;Winny;Thomas A. Edison State College;Executive Secretary;7o26D1MW8G49
jbarnard7x;F;Jobie;Barnard;Pädagogische Hochschule Weingarten;Web Designer II;g6Eg7yT
ayukhnini7y;M;Alden;Yukhnini;Kennesaw State University;Civil Engineer;GdCnqjlcEA
tveldstra7z;M;Tracy;Veldstra;Birla Institute of Technology, Ranchi;Internal Auditor;MYHpvL3u
elightowler80;M;Ernesto;Lightowler;Volgograd State University;Help Desk Technician;px282msf
sbescoby81;M;Sayer;Bescoby;East Texas Baptist University;VP Sales;x6PiTH
wpamment82;F;Wynn;Pamment;Persian Gulf University;Legal Assistant;NkSCpyu
rfrank83;M;Rawley;Frank;Southern Yangtze University;Executive Secretary;LM1TPbIb
cwombwell84;F;Cathyleen;Wombwell;Tokushima University;Financial Advisor;eiV2YlfxD
mjosskovitz85;F;Melody;Josskovitz;Universidad Metropolitana de Honduras;Director of Sales;OulIgZSXsy
gbispham86;M;Garfield;Bispham;Renmin University of China;Database Administrator III;ru6WZsC
achristian87;M;Abel;Christian;Aomori Chuoh Gakuin University;Database Administrator I;HjgUMSdYNtx
ccristobal88;F;Corabel;Cristobal;Dániel Berzsenyi Teacher Training College;VP Marketing;O2SMmEyz
jrubartelli89;M;Justin;Rubartelli;Central University for Nationalities;Librarian;PnAJcHy
nskill8a;F;Nicola;Skill;Fachhochschule Lausitz;VP Sales;3N32cWdve
lleabeater8b;F;Lorne;Leabeater;European Institute of Education;Developer II;Plg6igsY
lsnellman8c;M;Lane;Snellman;International Institute for Higher Education;Senior Sales Associate;Fkohq0Km
cmcgriele8d;F;Carina;McGriele;University of Botswana;Sales Associate;xjvaRCQ7LgdU
htassaker8e;F;Hestia;Tassaker;Dublin City University;VP Sales;FjJ6OsM3wOZ
twaitland8f;F;Theda;Waitland;United States Military Academy;Marketing Assistant;mA2PxuV4
momullen8g;F;Manya;O Mullen;University of Silvaner;Paralegal;VtMint4k
cstanners8h;F;Casie;Stanners;Jagran Lakecity University;Paralegal;71Bu9mSc77C0
mprise8i;F;Marysa;Prise;Morehead State University;Analog Circuit Design manager;j0dgaw
gmacglory8j;F;Gloria;MacGlory;Minhaj University Lahore;Accounting Assistant III;JpvCainij
bstroulger8k;F;Berte;Stroulger;Music Academy in Lodz;Dental Hygienist;C4SwJZK5P
ccaush8l;F;Celisse;Caush;Universitas Islam Sultan Agung;Environmental Specialist;xzbADAn
iwinslow8m;F;Iolande;Winslow;Rasmussen College, Florida Campuses;VP Sales;K09K3OVl9iMy
pcashin8n;M;Pietro;Cashin;University Institute of Oriental Studies;VP Accounting;nJLuclY8K
sviegas8o;F;Sallee;Viegas;Centennial College;Pharmacist;J53HOx03aJXR
bkislingbury8p;F;Brianne;Kislingbury;Lincoln University Missouri;Senior Quality Engineer;OfZHVXBxD
abiswell8q;F;Alicea;Biswell;Southwest University of Science and Technology;VP Accounting;mo3vQ9
npiegrome8r;F;Nikoletta;Piegrome;Universität Augsburg;Cost Accountant;FLs48jDG
gpallent8s;F;Gavra;Pallent;Ruprecht-Karls-Universität Heidelberg;Programmer Analyst IV;UzMzttOsd
ereynard8t;M;Erek;Reynard;Southwest University;Nuclear Power Engineer;QP01HTKua
jbridgeman8u;F;Jeralee;Bridgeman;Beijing University of Aeronautics and Astronautics;Executive Secretary;rrBuDb0n
jsanpere8v;M;Jerri;Sanpere;Universidad Autónoma de Occidente;Technical Writer;7kv146w3G8T
ggrayne8w;F;Giacinta;Grayne;Pangasinan State University;Safety Technician IV;BRDApORh4CJ
driply8x;M;Daven;Riply;Politeknik Negeri Lhokseumawe;Systems Administrator III;5hovhH
ggouthier8y;F;Guillema;Gouthier;Universidad Rafael Landívar;Staff Accountant I;VJ1ukYgvV
rcoultish8z;M;Rossie;Coultish;Kyungsung University;Product Engineer;7FHVOKVY8
msafell90;M;Mort;Safell;Alice Lloyd College;Health Coach III;1Kv8tbtarYkB
cghilks91;M;Corty;Ghilks;National Taipei University of Technology;Programmer Analyst II;lJH6B9JdxoJ
vmoles92;F;Valerie;Moles;Goshen College;Executive Secretary;dr0Q501hDKs
shadkins93;F;Shelia;Hadkins;Liaoning Technical University;Desktop Support Technician;byvZXJv
candrejs94;M;Colby;Andrejs;Hafencity Universität Hamburg;Technical Writer;lhN7hT
sspurdens95;M;Seth;Spurdens;University of Central Texas;Database Administrator II;HllWxOjE7i
ileet96;F;Inessa;Leet;Sarah Lawrence College;Nurse Practicioner;C9b79EuZ9z3Y
fcords97;F;Felita;Cords;National Tainan Teachers College;Junior Executive;Nfo37j8j
kstanbridge98;F;Kelcie;Stanbridge;Jumeira University;Sales Associate;PnOYYFUvymU
kdmtrovic99;F;Kimmi;Dmtrovic;Thiruvalluvar University;Compensation Analyst;y2sEh1
ifarrants9a;F;Irita;Farrants;Wabash College;Project Manager;G0lnP1Ap9yBP
itarbett9b;M;Isa;Tarbett;Marathwada Agricultural University;Systems Administrator III;uUGNHBiO
brankmore9c;M;Baxy;Rankmore;Ecole Polytechnique Marseille;Administrative Assistant IV;9I6lrs5p3
fhorbart9d;F;Flossy;Horbart;University of Ghana;Nurse Practicioner;mKS3Vd0
bflanagan9e;F;Blondie;Flanagan;Merlimau Polytechnic;Food Chemist;y1ErMkwmmMB
ewoodyear9f;F;Emily;Woodyear;Hamdard University;Staff Scientist;gRgJ6mEz
mblanko9g;M;Merwin;Blanko;Rajiv Gandhi University;Research Nurse;BCsFlY
fsooper9h;M;Franchot;Sooper;Fairleigh Dickinson University, Florham-Madison Campus;Recruiter;qld6TxWvgIL
rstarmore9i;M;Reamonn;Starmore;Azerbaijan Medical University;Pharmacist;imtTbHQw
swhiten9j;M;Samuele;Whiten;Dhirubhai Ambani Institute of Information and Communication Technology;Sales Representative;J845OGtJgA
spierton9k;F;Sara;Pierton;Dar Al-Uloom Colleges;Project Manager;UDkLrFjoyd
gwoollcott9l;M;Gare;Woollcott;Universitas Islam Syekh-Yusuf ;Food Chemist;vLQooRqX
cloughan9m;F;Clara;Loughan;Kabul Education University;Data Coordiator;lbnwLfP85Fc0
jdelieu9n;M;Joel;Delieu;Tokyo College of Music;Software Consultant;TNiQkvS
amacmanus9o;F;Angel;MacManus;Hampton University;Programmer Analyst IV;dnZJpNglSk0
lwoolland9p;M;Luigi;Woolland;Coker College;Research Associate;M7xAkUs
ttreverton9q;F;Teresina;Treverton;"Music Academy ""Ignacy Jana Paderewski"" in Poznan";Quality Engineer;EH38wOm1C
svodden9r;M;Syman;Vodden;Corporación Universitaria Tecnológica de Bolivar;Teacher;boGCpFJqgtgs
aguilloud9s;M;Adan;Guilloud;Pennsylvania State University - Lehigh Valley;Recruiter;hb5hDaYSu
inazair9t;F;Imogene;Nazair;National Transport University;VP Quality Control;h9oWciPo
tguillem9u;M;Tobin;Guillem;University of Andorra;Office Assistant I;hgdb72ts
sseivwright9v;F;Sonya;Seivwright;Universität Vienna;Safety Technician II;cuN6hutc
abarrable9w;M;Aharon;Barrable;Bermuda College;Senior Financial Analyst;XeKqBIfrTCM
apalke9x;F;Agace;Palke;Karpagam University;Director of Sales;EpAhFGa0iKeo
bcorps9y;F;Bobbette;Corps;Carleton College;Dental Hygienist;7GpAM2dyMU
lmcgorley9z;M;Laurence;Mc Gorley;University of Colombo;Cost Accountant;usddE3dzNbvP
cwitherowa0;F;Catarina;Witherow;Sir Syed University of Engineering and Technology;Editor;qNiwZ5BX
edockreya1;F;Emelia;Dockrey;Changsha Railway University;Technical Writer;ciWjXbmtZ
nmonkemana2;M;Nicolas;Monkeman;Universidad Catolica del Norte;Human Resources Manager;uc7Syn
pharesnaipa3;M;Pattie;Haresnaip;University of Aquila;Design Engineer;gOxod9wOwjv
rschofielda4;M;Rolland;Schofield;Colorado State University-Pueblo;Associate Professor;7LCS2Ct
fnewlovea5;F;Fanchon;Newlove;Universidad Lasallista Benavente;Computer Systems Analyst I;wzFPZ7R9
nmacdonougha6;F;Nicole;MacDonough;University of South Carolina - Sumter;Assistant Professor;XSdCAzp5
pchaziera7;F;Philippine;Chazier;Isfahan University of Technology;Editor;zrpkWAho
ehaizeldena8;M;Etan;Haizelden;College of Science, Baghdad University;Human Resources Manager;ujXuyYs0Sp
dbeverleya9;M;Dane;Beverley;University of Ruhuna;Structural Analysis Engineer;cI1qVmd9aUWW
aaloshechkinaa;F;Alvira;Aloshechkin;Nile Valley University;Marketing Manager;YkfJN68v
myankeevab;M;Mikkel;Yankeev;Kwassui Women's College;Budget/Accounting Analyst II;BrZ0tNRowNRp
uagnoloac;M;Upton;Agnolo;Medical University of South Carolina;Junior Executive;yF2rXPDyh1
dbeharrellad;F;Dorthea;Beharrell;Northwest Normal University Lanzhou;Civil Engineer;8PO7NZ
syuryshevae;F;Siusan;Yuryshev;Misr International University;Statistician I;Ps2usowuFMU
enooreaf;F;Enrika;Noore;STMIK Sinar Nusantara;Programmer III;LiqAwGQsol
joheffernanag;M;Jermaine;O'Heffernan;Bethany College California;Geological Engineer;KQ4hbX5U
dboydah;M;Darius;Boyd;Texas A&M University;Financial Analyst;e4ITzz
ravesai;M;Ramsey;Aves;Romanian-American University;Product Engineer;As9v5Cl
gsowreyaj;F;Guenna;Sowrey;Universidade Católica de Petrópolis;Sales Associate;Fm6bFM
hslimingsak;M;Homer;Slimings;E.A.P. Europäische Wirtschaftshochschule Berlin;Senior Developer;pvUZoU
rerteltal;F;Rhianon;Ertelt;Ilia Chavchavadze State University;Assistant Professor;hwArUMYG1Cn
kbradnickam;M;Keary;Bradnick;Shanghai Dainji University;Occupational Therapist;48Ypba
lhembrowan;M;Lennie;Hembrow;Technical University of Varna;Health Coach I;uVGj4zcX
pstrakerao;M;Patrizius;Straker;Langara College;Senior Developer;tY9w0U8f
mfellibrandap;M;Marlo;Fellibrand;Indiana University at Kokomo;Junior Executive;0A5atsiNDTj5
aspellardaq;M;Arley;Spellard;El Colegio de México;Financial Analyst;B3CVVALHr
obrattonar;M;Orlando;Bratton;Fujian University of Traditional Chinese Medicine;Quality Engineer;mMqHi6z3
bmcgarahanas;F;Brandice;McGarahan;University of Veterinary and Pharmaceutical Science;Environmental Specialist;p2poXtEE7Um
lcostellat;F;Lebbie;Costell;University of Verona;Recruiting Manager;xzO8F0
sstreatfieldau;F;Shell;Streatfield;Guru Jambeshwar University;Technical Writer;CFzhOWJ6PxZ9
ckiendlav;F;Catina;Kiendl;Dhaka University of Engineering and Technology;Research Associate;fyl9hLrVznP
rtattersfieldaw;F;Raynell;Tattersfield;Kazan State Finance and Economics Institute ;Graphic Designer;eC0chtYtDge5
drobertsenax;M;Dominick;Robertsen;Afghan University;Geologist I;zeRxcYyIn
mconstanzaay;M;Matthieu;Constanza;Technological University (Lashio);Budget/Accounting Analyst IV;19jNXC
cmullarkeyaz;F;Chloe;Mullarkey;Union Theological Seminary (UTS);Internal Auditor;2smFGrDm74z
dcomussob0;F;Devora;Comusso;Calvary Bible College;Quality Engineer;1tCgHqtBAiAU
rluckingsb1;F;Robinetta;Luckings;Australian National University;Director of Sales;5CChNdjmp0
mclaesensb2;M;Mitchell;Claesens;Fachhochschule Heilbronn, Hochschule für Technik und Wirtschaft;Office Assistant III;lzOvggmHv
tcornfordb3;F;Talya;Cornford;Bryan College;VP Accounting;rXgigxWX3zPC
mbaldackb4;M;Mata;Baldack;Music Academy in Cracow;Dental Hygienist;voy9wbqx
dminardb5;M;Demetre;Minard;Université Kofi Annan;Media Manager I;WOdKnvlee
rriccioneb6;F;Robbi;Riccione;Red Sea University;Accountant III;6GwG77Pi
nbadwickb7;M;Neddy;Badwick;University of Hyderabad;Structural Analysis Engineer;Hm2AlA
zoscannillb8;M;Zedekiah;O'Scannill;City University of New York, New York City Technical College;Structural Engineer;7xmU6SEQSwvT
jhenkeb9;M;Jarad;Henke;Florida Community College at Jacksonville;Recruiter;4om8O3
tisenorba;M;Tammy;Isenor;Helwan University;Accountant III;O43qcx
nyoselevitchbb;F;Nerte;Yoselevitch;Abia State Polytechnic;Research Associate;WZz0W0Jstk7
cwaylenbc;F;Cordelia;Waylen;Solusi University;Statistician II;1nQj3YQKoPp
flegricebd;M;Forrest;Legrice;Osaka Sangyo University;Recruiting Manager;Y06Nck
tantonikbe;M;Tally;Antonik;Universidad de San Andres;Web Developer II;1eiqk3JogRO
kmartynsbf;F;Kaia;Martyns;ISFORT - Institut de Formation en Technologie Alimentaire;VP Product Management;Ria4D4zT
iklessmannbg;F;Inessa;Klessmann;Agricultural University of Wroclaw;Media Manager II;XMFjarRXc2
onorcuttbh;F;Ofilia;Norcutt;Technical University of Cluj-Napoca;Office Assistant IV;zJK1KH5C
spetrebi;F;Susannah;Petre;Towson University;Account Executive;VSDUpX9JqZR
graffeortybj;F;Gianina;Raffeorty;Schiller International University, American College of Switzerland;Teacher;QPPzKaB
cstarlingbk;F;Cecil;Starling;Universidad de Aquino Bolivia;Operator;Qq6ijT5r4J
alappinebl;F;Anthia;Lappine;Bircham International University;Chemical Engineer;GbcHUMMbpWW
rdmychbm;M;Rriocard;Dmych;King's College;Chemical Engineer;RVYi2y5
pwhorfbn;F;Phillie;Whorf;Universidad ORT Uruguay;Design Engineer;j5L8ETjzce
isamuelbo;M;Isaak;Samuel;Otemon Gakuin University;Software Consultant;rd7sGW3ElHZ
tmarenbp;M;Tedmund;Maren;Kobe City University of ForeignStudies;Senior Developer;uHifM4Lk5A06
llacroutzbq;M;Lucas;Lacroutz;Konyang University;Analyst Programmer;YexVhdgj20Z
mlyffebr;M;Mohandas;Lyffe;University of lloilo;Safety Technician III;Zts7Fwvc
aakermanbs;F;Adoree;Akerman;Antioch University;Technical Writer;cLuMWQTA
dlordenbt;M;Duky;Lorden;Umaru Musa Yar'Adua University ;Budget/Accounting Analyst III;EHNVQ8g8o
challexbu;M;Conant;Hallex;Université de Savoie;Automation Specialist IV;Yv2Mo9
sthridgouldbv;M;Staffard;Thridgould;Universität für angewandte Kunst Wien;Sales Associate;WFakYYLWx
flauridsenbw;F;Francene;Lauridsen;Cornell University;Registered Nurse;8SfzWf
jgertybx;F;Judy;Gerty;Bratsk State Technical University;Product Engineer;3PiNyr
anewbiggingby;M;Abner;Newbigging;Maharaja Ganga Singh University, Bikaner;VP Accounting;o35sY6QKo
cinkpenbz;F;Calley;Inkpen;Teikyo University of Science and Technology;Senior Quality Engineer;3VYVhD
knettingc0;F;Kellsie;Netting;Florida International University;Chemical Engineer;ytDoVm
gbarbischc1;F;Gena;Barbisch;William Woods University;Research Assistant I;LyVpeL
ibonsalec2;F;Irina;Bonsale;Poole Gakuin University;Account Representative II;IErI8XcMkw
ajaherc3;F;Aida;Jaher;The Kingdom University;Tax Accountant;uKepfvMgI
gcogleyc4;F;Goldarina;Cogley;Beijing Medical University;Product Engineer;xpmDbU4kxYk
crubertellic5;F;Carolyn;Rubertelli;Fachhochschule Brandenburg;Professor;kJoI27Id5Csk
khowlinc6;F;Katleen;Howlin;Kobe International University;Nuclear Power Engineer;hgggMFGU
amacgowanc7;M;Alister;MacGowan;Mercy College;Financial Analyst;YRsUwPSXXr
enannininic8;M;Edgard;Nanninini;Universidad Capitain General Gerardo Barrios;Occupational Therapist;Zd3ACzmT8
dsauntc9;F;Debbie;Saunt;West Texas A&M University;Human Resources Manager;nzQ8bHfzGc
iadolthineca;F;Ilyssa;Adolthine;Stratford College London;Professor;nxSwYncpwCS
lshotboultcb;F;Lulu;Shotboult;Universite des Sciences Islamiques de Constantine;Financial Analyst;gL5BVAlARGT0
grodrigocc;F;Gae;Rodrigo;University of Brunei Darussalam;Electrical Engineer;vFWAnIgGB
eaphalecd;F;Elyn;Aphale;Gomel State University Francisk Scarnia;Design Engineer;11fYbVNq
lgreenhaughce;F;Liza;Greenhaugh;Odessa National Polytechnic University;Administrative Assistant I;7KLdnCXFuKb9
tsurmancf;M;Tammie;Surman;Cheju National University of Education;Assistant Professor;yxO0GOEZ2dc3
mumfreycg;F;Marie;Umfrey;Seneca College;Account Representative IV;D0ej6mrLDQ
ccottach;F;Cecelia;Cotta;Ecole Nationale Supérieure de Chimie de Montpellier;Engineer III;qiTKtTVKrt
pbeszantci;M;Pascal;Beszant;American University of Kuwait ;Electrical Engineer;8unYWc
nrosengrencj;F;Nolie;Rosengren;Utsunomiya University;Editor;2vs6ZMtkd5UB
ccorradinock;F;Crissie;Corradino;Wuhan Technical University of Surveying and Mapping;Senior Developer;ToWElGW
nhorsefieldcl;M;Nahum;Horsefield;American University in Cairo;VP Quality Control;WrEkul
chulbertcm;F;Christabella;Hulbert;Weber State University;Nuclear Power Engineer;7qCCuOZG8Ij
bstacycn;M;Burl;Stacy;East West University;Business Systems Development Analyst;cUPfOhnU
ksempleco;F;Kati;Semple;Huron University USA in London;VP Product Management;wK4aVDBk
wupstoncp;M;Wilburt;Upston;Mississippi College;Research Assistant IV;LDepQd
amogglecq;M;Arny;Moggle;Inner Mongolia Polytechnic University;Business Systems Development Analyst;eaPi1ytBv
hgreenstreetcr;M;Heinrick;Greenstreet;University of Montana;Electrical Engineer;lprYyIrYR9
nanglincs;F;Nicole;Anglin;Dow University of Health Sciences;Senior Cost Accountant;Kpl8EVaL
jseymourct;F;Jewel;Seymour;Hillsdale College;Technical Writer;gayrcR80Tu
ustobbecu;F;Ulrika;Stobbe;Conestoga College;Physical Therapy Assistant;Z0plUn1
rvondryscv;M;Ronnie;Vondrys;Columbus University;Developer I;bbIDAJQRVTR
wkittleycw;M;Winfred;Kittley;University of San Carlos;Accountant II;J0sX6NM32noJ
speppercx;M;Skelly;Pepper;Universidade Candido Mendes;VP Accounting;O2IAj7EWW
cdessaurcy;M;Conney;Dessaur;Shanghai University of Science and Technology;Nurse;Xlhy88S2O5B
thedgescz;M;Taber;Hedges;Brock University;VP Product Management;K4xjU4aF0S4l
tcaheyd0;F;Tammi;Cahey;Dr. Babasaheb Ambedkar Technological University;Environmental Specialist;tPH5qPs
vclewlowd1;F;Vanya;Clewlow;Medcenter One College of Nursing;Environmental Specialist;SteFzIMDHK
fduthied2;F;Fredi;Duthie;Moscow State University of Technology (Stankin);Web Developer III;sbdFbt
egoodspeedd3;M;Enos;Goodspeed;Holy Names College;Quality Control Specialist;zVuimOjB
gcobleighd4;M;Ginger;Cobleigh;University of Oradea;Chemical Engineer;xZOO08hZv
ccisard5;F;Catherine;Cisar;University of Texas Medical Branch Galveston;Senior Cost Accountant;OSiJ4c
bportressd6;F;Bethany;Portress;Pedagogical University of Czestochowa;Human Resources Assistant IV;uW6DlHCSGJu
dpenwrightd7;F;Doti;Penwright;Bellarmine College;Computer Systems Analyst I;lW7IWJbO
adraind8;F;Alikee;Drain;Khazar University;Electrical Engineer;B7X4st
hwainscoatd9;M;Heriberto;Wainscoat;Western Illinois University;Internal Auditor;7zOlEsf6
ctreesda;F;Chrissy;Trees;Fachhochschule der Wirtschaft;Accountant IV;RxjhX3cRSgeW
kmacandrewdb;F;Kira;MacAndrew;Medical Academy in Bialystok;Senior Developer;4xR0brWNIY
idudeniedc;M;Iggy;Dudenie;Rajasthan Agricultural University, Bikaner;Computer Systems Analyst II;u8q5JXy1Mba
ohuckedd;F;Orel;Hucke;Universidad Interamericana de Puerto Rico, Bayamón;Software Consultant;dvm3OBV
simbreyde;F;Stephenie;Imbrey;Fachhochschule Ravensburg-Weingarten;Staff Scientist;pUJ4CPtiR
jneilsondf;F;Jana;Neilson;University of Pula;Senior Quality Engineer;H7UTsBVYy2uY
lblackburnedg;F;Lyndel;Blackburne;Union University;Office Assistant I;lG5XY5P8GfwN
pglyssannedh;M;Pete;Glyssanne;Kuwait Maastricht Business School;Web Developer I;WPWY2e6NDv
eocorranedi;M;Etan;O'Corrane;Kiev Slavonic University;Technical Writer;MBxS24PuckJ
bfeydj;F;Babara;Fey;Hogeschool Antwerpen;Nurse Practicioner;0rbFoF
imacknockiterdk;M;Isidore;MacKnockiter;Southern Utah University;Office Assistant III;7E5O3Lj6dnW
mcrudgintondl;F;Mirelle;Crudginton;Pontificia Universidad Catolica de Chile;Computer Systems Analyst IV;0xJWX1DEQ1
psturgesdm;M;Penrod;Sturges;Hiram College;Librarian;yUxI2PPC7OJR
mmallendn;M;Mortimer;Mallen;Royal Holloway and Bedford New College;VP Marketing;VpAFLyt
ktwinamedo;F;Katina;Twiname;King Saud bin Abdulaziz University for Health Sciences ;Graphic Designer;r0Y2YPEbof
jceccolidp;F;Jaquenetta;Ceccoli;Fasa Faculty of Medical Sciences;Human Resources Assistant I;yQyxuZu4Uvw
naronowdq;F;Nat;Aronow;International Academy of  Merchandising and Design Tampa;Nurse;cJJAaM64
mburkerdr;F;Mercy;Burker;Louisiana State University at Eunice;Quality Control Specialist;eii9cUrL
candreottids;F;Camille;Andreotti;Fachhochschule Pforzheim, Hochschule für Gestaltung, Technik und Wirtschaft;Account Executive;AEEMQmiC
jhayforddt;F;Joscelin;Hayford;Latvian Academy of Arts;Senior Editor;UjZkKE
sprendivilledu;F;Shelagh;Prendiville;Kuala Lumpur Infrastructure University College;Compensation Analyst;vceGkcUac
edaylydv;M;Em;Dayly;Universidade Católica de Petrópolis;Staff Scientist;vwasnB9Q1
